# AutoCAD 2027 MASSPROP of each 3DSOLID in samples/example-piping-system.dwg, in its block definition coordinates (tools/acad/plant-block-massprop.lsp)
handle,block,volume,minx,miny,minz,maxx,maxy,maxz
357,Plant3DCatalogItem_CPB_2385049cf8ee67a9,1101.30905985,-4.31250001,-4.31250000,-4.31250000,11.99999999,12.00000000,4.31250000
35C,Plant3DCatalogItem_CPB_b05fe98a574c51ff,553.91568088,-6.58493191,-4.31249997,-4.31250000,4.99999999,6.58493193,4.31250000
361,Plant3DCatalogItem_CPB_2534ed3ee1bb18c5,2202.61811970,-4.31250001,-4.31250000,-4.31250000,11.99999999,28.31250000,4.31250000
438,Plant3DCatalogItem_CPB_3281d009fc9c0d88,14804.40660163,-10.00000001,-10.00000000,-10.00000000,29.99999999,30.00000000,10.00000000
43D,Plant3DCatalogItem_CPB_cd3e86395223e002,7446.04150020,-15.90990258,-10.00000000,-10.00000000,12.49999999,15.90990258,10.00000000
442,Plant3DCatalogItem_CPB_d5c655988149e2c1,29608.81320327,-10.00000001,-10.00000000,-10.00000000,29.99999999,70.00000000,10.00000000
4AD,Plant3DCatalogItem_CPB_2f2414105ee86b0d,487.33099387,-3.31250000,-3.31249997,-3.31250000,9.00000000,9.00000003,3.31250000
4B2,Plant3DCatalogItem_CPB_d8f38bc4aae3b02f,245.10856144,-4.99394165,-3.31250000,-3.31250000,3.75000000,4.99394164,3.31250000
4B7,Plant3DCatalogItem_CPB_657bb2460d52f0de,974.66198775,-3.31250000,-3.31249997,-3.31250000,9.00000000,21.31250003,3.31250000
4E7,Plant3DCatalogItem_CPB_OFOF_ca12fbc673e312f2,16.98503063,-1.29545455,-1.29545452,-1.29545455,2.12499999,2.12500003,1.29545455
4EB,Plant3DCatalogItem_CON_OF_010f92e312ba0012#,3.53478962,-0.10795455,-1.29545455,-1.29545455,0.56249999,1.29545455,1.29545455
4F0,Plant3DCatalogItem_CON_OF_010f92e312ba0012#$,3.53478962,-0.10795455,-1.29545455,-1.29545455,0.56249999,1.29545455,1.29545455
4F6,Plant3DCatalogItem_CPB_OFOF_7a0e669860e5f3d9,15.03803072,-2.06507322,-1.29545455,-1.29545455,1.62499999,2.06507321,1.29545455
4FA,Plant3DCatalogItem_CON_OF_010f92e312ba0012#$$,3.53478962,-0.10795455,-1.29545455,-1.29545455,0.56249999,1.29545455,1.29545455
4FF,Plant3DCatalogItem_CON_OF_010f92e312ba0012#$$$,3.53478962,-0.10795455,-1.29545455,-1.29545455,0.56249999,1.29545455,1.29545455
505,Plant3DCatalogItem_CPB_ee3900b75486cbed,20.87652650,-1.18750001,-1.18749997,-1.18750000,2.99999999,3.00000003,1.18750000
50A,Plant3DCatalogItem_CPB_7ba1479f5368445b,11.55009016,-1.81196113,-1.18750000,-1.18750000,1.37500000,1.81196113,1.18750000
50F,Plant3DCatalogItem_CPB_e4df495fe89ca1b7,41.75305299,-1.18750001,-1.18749997,-1.18750000,2.99999999,7.18750003,1.18750000
534,Plant3DCatalogItem_CPB_aca607984aebdbc6,149.89461684,-2.25000001,-2.24999997,-2.25000000,5.99999999,6.00000003,2.25000000
539,Plant3DCatalogItem_CPB_104f08d8c917cf5e,75.39117024,-3.35875721,-2.24999997,-2.25000000,2.50000000,3.35875724,2.25000000
53E,Plant3DCatalogItem_CPB_04d6a06d907f8009,299.78923368,-2.25000001,-2.24999997,-2.25000000,5.99999999,14.25000003,2.25000000
5A8,Plant3DCatalogItem_CPB_4198548665469877,2138.54279738,-5.37500000,-5.37500000,-5.37500000,15.00000000,15.00000000,5.37500000
5AD,Plant3DCatalogItem_CPB_d370bbd6c7e779c3,1075.60396323,-8.22011633,-5.37499997,-5.37500000,6.25000000,8.22011636,5.37500000
5B2,Plant3DCatalogItem_CPB_b4d7abbadc22a65c,4277.08559475,-5.37500000,-5.37500000,-5.37500000,15.00000000,35.37500000,5.37500000
794,Plant3DCatalogItem_CPTS_ddffe0d499052da3#,15.47011953,-1.50000000,-1.18750000,-1.18750000,1.50000000,1.50000000,1.18750000
797,Plant3DCatalogItem_CPTS_OFOFOF_8686a9bc9e766228,25.62827111,-2.12500000,-1.29545452,-1.29545455,2.12500000,2.12500003,1.29545455
79B,Plant3DCatalogItem_CON_OF_79177987d17850bd#,3.86430390,-0.10795455,-1.29545455,-1.29545455,0.62500000,1.29545455,1.29545455
7A0,Plant3DCatalogItem_CON_OF_79177987d17850bd#$,3.86430390,-0.10795455,-1.29545455,-1.29545455,0.62500000,1.29545455,1.29545455
7A5,Plant3DCatalogItem_CON_OF_79177987d17850bd#$$,3.86430390,-0.10795455,-1.29545455,-1.29545455,0.62500000,1.29545455,1.29545455
7B3,Plant3DCatalogItem_CPVI001000_4f214182540e5e55#,2.99126254,0.00000000,-0.93749997,-0.93750000,3.25000000,0.93750003,0.93750000
7B6,Plant3DCatalogItem_CPVI001000_OFOF_07b2d4223df70a5a#,6.39102829,-0.43750001,-1.02272724,-1.02272727,3.81249999,1.02272730,1.02272727
7BA,Plant3DCatalogItem_CON_OF_40f3d1063e344c28#,1.92306562,-0.08522728,-1.02272727,-1.02272727,0.50000000,1.02272727,1.02272727
7BF,Plant3DCatalogItem_CON_OF_40f3d1063e344c28#$,1.92306562,-0.08522728,-1.02272727,-1.02272727,0.50000000,1.02272727,1.02272727
7C6,Plant3DCatalogItem_CPVX002_e7cfda63effe65d5#,1.97586129,-2.46000000,-2.46000000,-0.12300000,2.46000000,2.46000000,7.76000000
7CC,Plant3DCatalogItem_SPHERE_f8b3188ee8681af3#,0.00779478,-0.12300000,-0.12300000,-0.12300000,0.12300000,0.12300000,0.12300000
7D0,Plant3DCatalogItem_CPVI001002_OFOF_9584739652b248e7,8.36627659,-0.71000000,-2.45999997,-1.02272727,4.21000000,2.46000003,7.76000000
7D4,Plant3DCatalogItem_CPP_OMOM_c45c07cfd780c7fb,2.59770443,-0.00000001,-0.52500000,-0.52500000,2.99999999,0.52500000,0.52500000
7D8,Plant3DCatalogItem_CPNS_8fd24f2599a46a95,0.99742909,-0.87500000,0.00000003,-0.52500000,0.87500000,1.43750003,0.52500000
817,Plant3DCatalogItem_CPNS_e26650b50ec5e21f,0.91479525,-0.87500001,1.06514380,-0.52500000,0.87499999,2.12500003,0.52500000
849,Plant3DCatalogItem_CPP_OMOM_402140a43e323508,1.73180295,0.00000000,-0.52500000,-0.52500000,2.00000000,0.52500000,0.52500000
853,Plant3DCatalogItem_CYLSTACK003_e64a384b8a9d2d04,1.27110252,-0.00000001,-0.53000000,-0.53000000,1.74999999,0.53000000,0.53000000
866,Plant3DCatalogItem_CPFWR_46d4035b1a52939a,31.40951736,0.00000000,-3.00000000,-3.00000000,2.50000000,3.00000000,3.00000000
870,Plant3DCatalogItem_CPFWR_F_SF_3d74a4bbe9baa8d1,23.04428897,0.00000000,-3.00000000,-3.00000000,1.00000000,3.00000000,3.00000000
875,Plant3DCatalogItem_CPMGP_7ece2da38eaa74af,1.20370123,-0.00000001,-2.06499997,-2.06500000,0.12499999,2.06500003,2.06500000
888,Plant3DCatalogItem_CPVI001000_e1fa67467d4ecc40#,14.16477860,-0.00000001,-1.68749997,-1.68750000,4.74999999,1.68750003,1.68750000
88B,Plant3DCatalogItem_CPVI001000_OFOF_09bae6581ddce0ea#,28.16839793,-0.56250001,-1.84090906,-1.84090909,5.43749999,1.84090912,1.84090909
88F,Plant3DCatalogItem_CON_OF_084463acfb0600d1#,8.28747930,-0.15340910,-1.84090909,-1.84090909,0.62499999,1.84090909,1.84090909
894,Plant3DCatalogItem_CON_OF_084463acfb0600d1#$,8.28747930,-0.15340910,-1.84090909,-1.84090909,0.62499999,1.84090909,1.84090909
89B,Plant3DCatalogItem_CPVX002_a4ae64f3b5841548#,8.15735398,-3.93500000,-3.93500000,-0.19675000,3.93500000,3.93500000,12.99000000
8A1,Plant3DCatalogItem_SPHERE_9b8cd7828acc542e#,0.03190310,-0.19675000,-0.19675000,-0.19675000,0.19675000,0.19675000,0.19675000
8A5,Plant3DCatalogItem_CPVI001002_OFOF_3a1be2cbead80346,36.32363193,-1.52875001,-3.93500000,-1.84090909,6.34124999,3.93500000,12.99000000
8B7,Plant3DCatalogItem_CPVI008000_a86f3081fb6ade7a#,30.29227953,-0.00000001,-1.78125000,-1.78125000,4.62499999,1.78125000,1.78125000
8BB,Plant3DCatalogItem_SPHERE_0e29b7c2711122ff#,23.67354200,-1.78125000,-1.78125000,-1.78125000,1.78125000,1.78125000,1.78125000
8BF,Plant3DCatalogItem_CPVI008000_OFOF_b658111971aace47#,37.06438059,-0.56250000,-1.78125000,-1.78125000,5.31250000,1.78125000,1.78125000
8C3,Plant3DCatalogItem_CON_OF_79177987d17850bd#$$$,3.86430390,-0.10795455,-1.29545455,-1.29545455,0.62500000,1.29545455,1.29545455
8C8,Plant3DCatalogItem_CON_OF_79177987d17850bd#$$$$,3.86430390,-0.10795455,-1.29545455,-1.29545455,0.62500000,1.29545455,1.29545455
8CE,Plant3DCatalogItem_CPVX008_8a1ab9054a29dabb#,1.40060717,-0.17415134,-0.17415130,0.00000000,9.64569999,0.17415136,3.41565000
8D1,Plant3DCatalogItem_CPVI008008_OFOF_08f7dff15ad01af2,38.46498776,-0.56250000,-1.78125000,-1.78125000,12.08320000,1.78125000,5.19690000
8DB,Plant3DCatalogItem_CPVI001000_82fa97ecb5568b00#,14.16477860,-0.00000001,-1.68750000,-1.68750000,4.74999999,1.68750000,1.68750000
8DE,Plant3DCatalogItem_CPVI001000_OFOF_d3cc6cb14a956c2a#,28.16848414,-0.56250001,-1.84090906,-1.84090909,5.43749999,1.84090912,1.84090909
8E2,Plant3DCatalogItem_CON_OF_084463acfb0600d1#$$,8.28747930,-0.15340910,-1.84090909,-1.84090909,0.62499999,1.84090909,1.84090909
8E7,Plant3DCatalogItem_CON_OF_084463acfb0600d1#$$$,8.28747930,-0.15340910,-1.84090909,-1.84090909,0.62499999,1.84090909,1.84090909
8EB,Plant3DCatalogItem_CPVI001002_OFOF_535f51a42f1b659e,36.32371293,-1.43500001,-3.93500000,-1.84090909,6.43499999,3.93500000,12.99000000
982,Plant3DCatalogItem_CPFWR_51f40190b667f5a7,98.70256290,-0.00000001,-4.50000000,-4.50000000,2.99999999,4.50000000,4.50000000
994,Plant3DCatalogItem_CPMGP_1e49105ae115659e,2.92347777,-0.00000001,-3.43999997,-3.44000000,0.12499999,3.44000003,3.44000000
A47,Plant3DCatalogItem_CPFWR_0c61741456db8036,193.94702423,-0.00000001,-5.50000000,-5.50000000,3.49999999,5.50000000,5.50000000
A59,Plant3DCatalogItem_CPMGP_79b1bf439e1aed50,3.75483154,-0.00000001,-4.37499997,-4.37500000,0.12499999,4.37500003,4.37500000
A66,Plant3DCatalogItem_CPFBO_b14fdbbd401a58f3#,95.03317777,-0.00000001,-5.50000000,-5.50000000,0.99999999,5.50000000,5.50000000
A69,Plant3DCatalogItem_CPVI012000_be9f077d0fdbf772#,201.55471746,0.00000000,-5.49999997,-5.50000000,5.50000000,5.50000003,5.50000000
A6D,Plant3DCatalogItem_SPHERE_56f48c0b432f6725#,0.01433082,-0.15068182,-0.15068182,-0.15068182,0.15068182,0.15068182,0.15068182
A74,Plant3DCatalogItem_SPHERE_d20c820e0093291b#,10.88921829,-1.37500000,-1.37500000,-1.37500000,1.37500000,1.37500000,1.37500000
A7B,Plant3DCatalogItem_CPVX008_eda146a828bee518#,3.67640870,-0.24750000,-0.24749997,0.00000000,10.50000000,0.24750003,8.06250000
A7E,Plant3DCatalogItem_CPVI012008_81b79a16fafa7066,205.13752661,-0.00000001,-5.50000000,-5.50000000,13.24999999,5.50000000,8.75000000
A85,Plant3DCatalogItem_CPVI001000_c81cbe5ea8211668#,252.79185261,-0.00000001,-3.31250000,-3.31250000,21.99999999,3.31250000,3.31250000
A8C,Plant3DCatalogItem_CPVX002_4d4eb675b1486797#,509.93686303,-15.75000000,-15.75000000,-0.78750000,15.75000000,15.75000000,45.25000000
A92,Plant3DCatalogItem_SPHERE_40849e0ced4539b0#,2.04569224,-0.78750000,-0.78750000,-0.78750000,0.78750000,0.78750000,0.78750000
A96,Plant3DCatalogItem_CPVI001002_84ca459a542f15cd,762.64325021,-4.75000000,-15.74999997,-3.31250000,26.75000000,15.75000003,45.25000000
AA8,Plant3DCatalogItem_CPFLO_3efc60e1e608a310#,56.77646391,-0.00000001,-5.50000000,-5.50000000,0.93749999,5.50000000,5.50000000
AAC,Plant3DCatalogItem_CPVI001000_35f3a5ee5088e2f2#,275.90127318,-0.00000001,-5.50000000,-5.50000000,6.99999999,5.50000000,5.50000000
AB3,Plant3DCatalogItem_CPVX002_f9b69fa3adf3258a#,68.91715304,-7.87500000,-7.87500000,-0.39375000,7.87500000,7.87500000,33.25000000
AB9,Plant3DCatalogItem_SPHERE_80afc1f334b5b13a#,0.25571153,-0.39375000,-0.39375000,-0.39375000,0.39375000,0.39375000,0.39375000
ABD,Plant3DCatalogItem_CPVI001002_704b348a6744d20a,344.60136848,-4.37500000,-7.87499997,-5.50000000,11.37500000,7.87500003,33.25000000
AD6,Plant3DCatalogItem_CPFLO_db2e8968a211d74e#,539.77102372,0.00000000,-7.75000000,-7.75000000,3.50000000,7.75000000,7.75000000
ADA,Plant3DCatalogItem_CPVI001000_39a9c4712b02466e#,2903.56383208,-0.00000001,-7.74999997,-7.75000000,35.99999999,7.75000003,7.75000000
ADE,Plant3DCatalogItem_CPVI001002_8464cbfad99352bc,3413.24838149,0.00000000,-15.75000000,-7.75000000,36.00000000,15.75000000,45.25000000
D1A,Plant3DCatalogItem_CPFLO_18af1f698ff32520#,60.56156151,-0.00000001,-5.50000000,-5.50000000,0.99999999,5.50000000,5.50000000
D1E,Plant3DCatalogItem_CPVI001000_04c4e8c07fa10926#,390.38379336,0.00000000,-5.49999997,-5.50000000,10.50000000,5.50000003,5.50000000
D22,Plant3DCatalogItem_CPVI001002_cd907a0c8a9f693c,459.18913200,-2.62500000,-7.87500000,-5.50000000,13.12500000,7.87500000,33.25000000
D2B,Plant3DCatalogItem_CPFWR_F_SF_0905f660b49715a3,120.29956708,-0.00000001,-5.50000000,-5.50000000,1.56249999,5.50000000,5.50000000
