# AutoCAD 2027 MASSPROP of every Plant 3D part exploded to world-placed solids in samples/example-piping-system.dwg, World UCS (tools/acad/plant-placed-massprop.lsp)
part,volume,minx,miny,minz,maxx,maxy,maxz
3C8,22457.46906099,42370573.00998295,167596041.19605067,238.90992144,42370957.20940028,167596072.82681260,247.53492144
3CD,553.91568088,42370561.67502074,167596041.16663891,238.90992144,42370573.52656011,167596051.74533835,247.53492144
3DD,553.91568088,42370553.67363652,167596046.95265865,238.90992144,42370565.52517590,167596057.53135809,247.53492144
3ED,208056.62131743,42366999.05422835,167595835.61271700,238.90992144,42370554.19021369,167596057.50194636,247.53492144
3F8,146.21767075,42370559.80260366,167596045.29221570,238.90992144,42370567.39759293,167596053.40578130,247.53492144
443,1213411.47932419,42366994.72228225,167595882.32466632,241.33831535,42370851.39505533,167596133.62002200,261.33831535
448,14804.40660168,42370850.19719526,167596113.65592593,221.33831535,42370890.74226938,167596135.43476406,261.33831535
45B,15644.04622291,42370870.74226934,167596115.43476406,171.54176964,42370890.74226934,167596135.43476406,221.33831537
463,14804.40660163,42370870.74226936,167596094.88969013,131.54176959,42370892.52110750,167596135.43476421,171.54176961
476,2193992.50313697,42370872.55701142,167589123.73176107,131.54176959,42371310.79558007,167596096.08755019,151.54176959
496,1101.30905986,42370956.69282312,167596064.21729621,231.22242144,42370973.24206933,167596073.55327046,247.53492144
4B8,11537.05572969,42370605.51698671,167596059.06736106,241.85770865,42370939.99571789,167596085.72562388,248.48270865
4C7,487.33099388,42370939.59892676,167596079.11251703,236.17020864,42370952.09366556,167596086.27060747,248.48270864
4CF,3182.27962630,42370945.46866554,167596079.64560738,143.85426959,42370952.09366554,167596086.27060738,236.17020864
4DA,4870.88933629,42370964.61706930,167596064.92827043,147.85426960,42370973.24206930,167596073.55327043,231.22242144
510,13713.57872328,42367763.92542918,167595912.73598215,238.31242178,42370854.03117751,167596100.50674406,240.68742178
51D,16.98482702,42370853.88246593,167596098.02824688,237.37492179,42370857.37669434,167596100.74410301,240.79537634
525,454.18048491,42370854.89373976,167596098.26114845,134.85426959,42370857.26873976,167596100.63614845,237.37492179
53F,49347.15515068,42367763.82160338,167595918.59916881,238.70448464,42370861.27412263,167596108.92429134,243.20448464
544,149.89461684,42370861.00460410,167596104.43236977,234.95448464,42370869.37859218,167596109.28768858,243.20448464
54C,1513.49758779,42370864.87859219,167596104.78768855,139.79176960,42370869.37859219,167596109.28768855,234.95448464
56E,46817.27814451,42370032.45542227,167596136.41969338,238.69084342,42370832.83890333,167596193.02179763,247.31584342
573,1101.30905982,42370832.32232620,167596184.41228130,231.00334342,42370848.87157241,167596193.74825555,247.31584342
57B,4846.98640114,42370840.24657235,167596185.12325549,148.04430444,42370848.87157235,167596193.74825549,231.00334342
586,1101.30905985,42370840.24657243,167596177.19900927,131.73180444,42370849.58254668,167596193.74825549,148.04430444
58E,415717.40611449,42370840.97303025,167589074.72300708,131.73180445,42371275.73620661,167596177.71558642,140.35680445
5B3,355377.98268255,42366998.40859436,167595915.10461769,238.67798220,42370907.49166681,167596160.34447351,249.42798220
5B8,2138.54279736,42370906.84781702,167596149.61377186,229.05298219,42370927.51781396,167596161.25251773,249.42798219
5C0,7001.08130138,42370916.76781392,167596150.50251773,151.91676959,42370927.51781392,167596161.25251773,229.05298219
5C8,2138.54279738,42370916.76781395,167596140.58252084,131.54176959,42370928.40655982,167596161.25251779,151.91676959
5D0,642130.58077320,42370917.67585818,167589078.44454360,131.54176958,42371352.13990931,167596141.22637057,142.29176958
5E1,134645.49051290,42366999.86529668,167595906.63496733,237.70948003,42370899.23143883,167596147.18902609,244.33448003
5E7,487.33099389,42370898.83464769,167596140.57591942,232.02198004,42370911.32938649,167596147.73400986,244.33448004
5EF,3039.28348156,42370904.70438647,167596141.10900983,143.85426959,42370911.32938647,167596147.73400983,232.02198004
5FD,487.33099387,42370904.70438648,167596135.23927116,131.54176959,42370911.86247692,167596147.73400995,143.85426959
605,243482.33830088,42370905.24937010,167589084.64908150,131.54176960,42371334.90294331,167596135.63606223,138.16676961
631,487.33099387,42370945.46866553,167596073.77586859,131.54176959,42370952.62675598,167596086.27060738,143.85426959
641,1101.30905985,42370964.61706932,167596057.00402433,131.54176959,42370973.95304358,167596073.55327055,147.85426959
65C,244320.96436293,42370946.01364918,167588998.90133616,131.54176958,42371377.12430798,167596074.17265972,138.16676958
664,412832.70472862,42370965.34352715,167589003.81275713,131.54176959,42371397.14957654,167596057.52060148,140.16676959
66C,16.98481664,42370854.78578525,167596097.24987459,131.43381504,42370857.50164138,167596100.74410301,134.85426959
674,31315.84260244,42370855.02314424,167589041.12514052,131.54176959,42371280.76681168,167596097.39858618,133.91676959
67C,149.89461684,42370864.87859220,167596100.91370055,131.54176959,42370869.73391103,167596109.28768861,139.79176959
684,112564.71820452,42370865.24198937,167589035.99717918,131.54176959,42371293.63396758,167596101.18321905,136.04176959
6D2,553.91568088,42371265.18691891,167589063.38804486,131.73180444,42371275.76561834,167589075.23958424,140.35680444
6DA,4698.99627346,42371212.08948822,167589002.98425752,131.73180444,42371271.65316816,167589069.09574598,140.35680444
6F8,1101.30905985,42371203.09621685,167588992.50338894,124.04430442,42371218.56886398,167589008.67708769,140.35680442
700,2713.65875304,42371203.09621686,167588992.50338894,77.59842989,42371211.72121686,167589001.12838894,124.04430442
708,1101.30905985,42371195.17197062,167588991.79241475,61.28592989,42371211.72121684,167589001.12838900,77.59842989
710,53036.98498216,42370289.04221145,167588937.42397949,61.28592989,42371195.68854778,167589000.40193120,69.91092989
743,487.33099387,42370593.41903908,167596058.52237740,236.17020864,42370605.91377788,167596065.68046784,248.48270864
74B,3617.23763797,42370593.41903907,167596058.52237737,131.23641006,42370600.04403907,167596065.14737737,236.17020864
75B,16.98482702,42371278.28831450,167589037.77962375,130.60426959,42371281.00417063,167589041.27385217,134.02472413
763,51.47350693,42371278.52121603,167589037.88757822,118.98532585,42371280.89621603,167589040.26257822,130.60426959
76E,16.98481664,42371278.41326154,167589037.77962369,115.56487130,42371281.90748995,167589040.49547982,118.98532585
776,45.33479729,42371281.75877835,167589038.01698259,115.67282584,42371292.11592669,167589041.00062045,118.04782584
77E,16.98482702,42371291.96721510,167589038.52212337,114.73532585,42371295.46144351,167589041.23797950,118.15578039
786,109.21489226,42371292.97848892,167589038.75502488,90.08261100,42371295.35348892,167589041.13002488,114.73532585
82E,0.91478938,42371292.01335996,167589039.29119483,94.15469826,42371293.13420119,167589040.40278783,95.90469826
836,1.73180295,42371290.01695036,167589039.17140883,94.50469826,42371292.07624762,167589040.33930987,95.55469826
83E,8.36637419,42371285.96631137,167589037.13814014,94.00697099,42371290.88631137,167589042.05814016,102.78969826
85B,1.27110252,42371284.90085127,167589038.85946605,94.49969826,42371286.70191285,167589039.98524225,95.55969826
8F4,31.40951736,42371291.16598896,167589036.94252491,86.45761100,42371297.16598896,167589042.94252491,88.95761100
8F9,1.20370123,42371292.10098897,167589037.87752491,88.95761100,42371296.23098897,167589042.00752491,89.08261100
8FC,23.04428897,42371291.16598897,167589036.94252491,89.08261100,42371297.16598897,167589042.94252491,90.08261100
902,36.32169418,42371290.99988032,167589026.75540650,80.02261100,42371298.85669399,167589041.78343397,87.89261100
91F,31.40951736,42371291.16598895,167589036.94252476,79.08261100,42371297.16598895,167589042.94252476,81.58261100
927,31.40951736,42371291.16598895,167589036.94252470,76.45761100,42371297.16598895,167589042.94252470,78.95761100
92C,1.20370123,42371292.10098897,167589037.87752479,78.95761100,42371296.23098897,167589042.00752479,79.08261100
92F,75.39117024,42371288.19559941,167589030.27311116,131.54176959,42371293.64884177,167589036.26669770,136.04176959
937,229.65434759,42371278.61501635,167589019.46945930,131.54176958,42371291.56244605,167589033.25880098,136.04176958
96F,149.89461684,42371274.06751982,167589014.22317547,127.79176959,42371281.98186293,167589022.45514923,136.04176959
977,419.02587185,42371274.06751978,167589014.22317544,101.44508760,42371278.56751978,167589018.72317544,127.79176959
984,98.70256290,42371271.81751983,167589011.97317544,98.44508760,42371280.81751983,167589020.97317544,101.44508760
98C,98.70256290,42371271.81751982,167589011.97317538,95.32008760,42371280.81751982,167589020.97317538,98.32008760
995,2.92347777,42371272.87751983,167589013.03317541,98.32008760,42371279.75751983,167589019.91317540,98.44508760
998,437.61874278,42371274.06751978,167589014.22317532,67.80435976,42371278.56751978,167589018.72317532,95.32008760
9A0,149.89461684,42371274.06751984,167589014.22317532,59.55435976,42371282.44150791,167589019.07849416,67.80435976
9A8,15.90431273,42371282.17198936,167589014.58657253,59.55435975,42371283.43971271,167589019.13838714,64.05435975
9C0,98.70256290,42371283.17019416,167589012.52403411,57.30435974,42371286.56908640,167589021.56402704,66.30435974
9CD,2079.71378138,42371289.28419858,167589015.01331025,59.55435975,42371420.08310930,167589027.33709002,64.05435975
9D2,2.92347777,42371286.09353588,167589013.63828087,58.36435974,42371286.63037540,167589020.51341653,65.24435974
9D5,98.70256290,42371286.15482489,167589012.58767039,57.30435974,42371289.55371713,167589021.62766331,66.30435974
9DE,14804.40660163,42371290.83148405,167589084.38454705,111.54176958,42371312.61032219,167589124.92962116,151.54176958
9E6,1408.78289613,42371292.61032218,167589084.38454702,107.05747435,42371312.61032218,167589104.38454702,111.54176958
9EE,14804.40660163,42371292.61032215,167589084.38454708,67.05747435,42371333.15539627,167589106.16338524,107.05747435
9F6,160043.10659888,42371331.95753618,167589086.19928908,67.05747436,42371841.67389390,167589136.67485964,87.05747436
A12,487.33099388,42371328.28983651,167589072.55113387,125.85426960,42371335.44792696,167589085.04587269,138.16676960
A1A,387.23981846,42371328.82292694,167589072.55113387,114.62068499,42371335.44792694,167589079.17613387,125.85426961
A34,487.33099387,42371370.51120113,167588986.80338857,125.85426959,42371377.66929159,167588999.29812738,138.16676959
A3C,937.86071789,42371371.04429156,167588986.80338854,98.64751750,42371377.66929156,167588993.42838854,125.85426959
A49,193.94702423,42371368.85679157,167588984.61588857,95.14751750,42371379.85679157,167588995.61588857,98.64751750
AE4,1101.30905985,42371388.54006009,167588987.78008810,123.85426960,42371397.87603435,167589004.32933429,140.16676960
AEC,2451.14246703,42371389.25103432,167588987.78008807,81.90151656,42371397.87603432,167588996.40508807,123.85426960
AFA,1101.30905985,42371389.25103433,167588987.78008807,65.58901656,42371405.80028054,167588997.11606231,81.90151656
B02,58.42626081,42371405.28370334,167588988.50654584,65.58901654,42371406.79848538,167588997.17595527,74.21401654
B0A,1698.50879492,42371406.28190818,167588988.56643891,65.58901656,42371435.81727979,167588998.91710383,74.21401656
B12,487.33099387,42370592.88594863,167596058.52237740,118.92391006,42370600.04403908,167596071.01711619,131.23641006
B1A,4703.51762508,42370584.71378164,167596070.62032506,118.92391007,42370599.49905546,167596207.21826926,125.54891007
B28,10149.14875716,42370628.51163215,167596162.28048649,241.49124990,42370922.79731546,167596186.60730907,248.11624990
B2D,487.33099388,42370616.41473294,167596161.73300016,235.80374990,42370628.91022568,167596168.89348492,248.11624990
B35,3931.01757355,42370616.41473293,167596161.73300013,121.76739189,42370623.03973293,167596168.35800013,235.80374990
B3D,487.33099387,42370615.88164249,167596161.73300013,109.45489189,42370623.03973293,167596174.22773892,121.76739189
B45,1302.50851120,42370613.61858790,167596173.83094785,109.45489189,42370622.49474926,167596211.94486377,116.07989189
B4D,487.33099388,42370922.39872193,167596179.99431062,235.80374990,42370934.89421467,167596187.15479538,248.11624990
B55,3074.96354500,42370928.26921463,167596180.52979532,146.60098315,42370934.89421463,167596187.15479532,235.80374990
B5D,487.33099387,42370928.26921466,167596174.66005656,134.28848315,42370935.42730510,167596187.15479535,146.60098315
B65,212.64833643,42370928.81419826,167596168.50233567,134.28848316,42370935.79677275,167596175.05684769,140.91348316
C11,34.47161627,42371371.04429156,167588986.80338851,90.52251750,42371377.66929156,167588993.42838851,91.52251750
C16,3.75483154,42371369.98179157,167588985.74088857,95.02251750,42371378.73179157,167588994.49088857,95.14751750
C19,193.94702423,42371368.85679157,167588984.61588857,91.52251750,42371379.85679157,167588995.61588857,95.02251750
CA5,1101.30905986,42370016.42275321,167596135.69323570,231.00334339,42370032.97199942,167596145.02920994,247.31584339
CAD,18172.42628686,42370016.42275321,167596135.69323570,-80.02848048,42370025.04775321,167596144.31823570,231.00334339
CBB,787.82961128,42370441.00113735,167596168.99409753,109.00225008,42370448.98306546,167596192.20430410,115.62725008
D5B,459.19765945,42370438.33306249,167596152.45842549,106.81475007,42370454.08306249,167596168.20842549,145.56475007
D60,3.75483154,42370441.51899158,167596165.31196880,107.93975007,42370450.26077023,167596165.96080816,116.68975007
D63,193.94702423,42370440.33611817,167596165.36936477,106.81475007,42370451.37626401,167596169.39088866,117.81475007
D71,193.94702423,42370441.03986092,167596151.27596226,106.81475007,42370452.08000675,167596155.29748616,117.81475007
D74,3.75483154,42370442.15535470,167596154.70604274,107.93975007,42370450.89713335,167596155.35488215,116.68975007
D82,3238.56867283,42370443.43305944,167596057.49576992,109.00225008,42370455.67304514,167596151.67275339,115.62725008
D8A,487.33099387,42370449.05993831,167596045.39782229,109.00225006,42370456.21802877,167596057.89256111,121.31475006
D92,3571.05927296,42370449.59302874,167596045.39782229,121.31475006,42370456.21802874,167596052.02282229,224.90894319
D9A,245.10856144,42370449.43718543,167596045.39782235,224.90894319,42370456.21802878,167596053.70370111,233.65288484
DA2,241.30131558,42370449.14073030,167596049.01072386,228.96830248,42370456.05624147,167596058.64456269,238.60263242
DC1,487.33099387,42370442.88686296,167596053.95158541,233.91805016,42370455.75978644,167596065.44690195,245.93680258
DC9,92479.09970243,42367764.94218053,167595898.12641895,239.31180255,42370443.28365405,167596065.41812670,245.93680255
DE1,207800.72077941,42367003.42625501,167595835.87503549,238.90992144,42370554.19021370,167596057.50194636,247.53492144
